<FirstLogonCommands>
    <SynchronousCommand>
        <CommandLine>cmd /c "copy C:\AzureData\CustomData.bin C:\vmInit_win.ps1"</CommandLine>
        <Description>CopyScript</Description>
        <Order>11</Order>
    </SynchronousCommand>
    <SynchronousCommand>
        <CommandLine>powershell.exe -sta -ExecutionPolicy Unrestricted -file C:\vmInit_win.ps1 -devopsToken ${devopsToken} -agentPool ${agentPool}</CommandLine>
        <Description>RunScript</Description>
        <Order>12</Order>
    </SynchronousCommand>
</FirstLogonCommands>